Workbook

Sheet Dashboard
A1: PICOS DO SABER — CRM Template (copiar para planilha privada)
A3: Indicador | B3: Numero | C3: Observacao
A4: Leads recebidos | B4: =COUNTA('CRM Leads'!A2:A500) | C4: Total de contatos registrados
A5: Contatos realizados | B5: =COUNTIF('CRM Leads'!I2:I500,"*Contato realizado*") | C5: Status: Contato realizado
A6: Visitas agendadas | B6: =COUNTIF('CRM Leads'!I2:I500,"*Visita agendada*") | C6: Status: Visita agendada
A7: Avaliacoes realizadas | B7: =COUNTIF('CRM Leads'!I2:I500,"*Avaliacao realizada*") | C7: Status: Avaliacao realizada
A8: Matriculas fechadas | B8: =COUNTIF('CRM Leads'!I2:I500,"*Matricula realizada*") | C8: Status: Matricula realizada
A9: Lista de espera (CRM) | B9: =COUNTIF('CRM Leads'!I2:I500,"*Lista de espera*") | C9: Leads aguardando vaga
A10: Lista de espera (aba) | B10: =COUNTA('Lista de Espera'!A2:A500) | C10: Fila oficial de espera
A11: Vagas totais | B11: =SUM('Turmas e Vagas'!C2:C50) | C11: Soma da capacidade
A12: Vagas disponiveis | B12: =SUM('Turmas e Vagas'!F2:F50) | C12: Soma das vagas livres
A14: Atualizado em: | B14: =TODAY()

Sheet CRM Leads
A1: Data | B1: Responsavel | C1: WhatsApp | D1: Aluno | E1: Serie | F1: Dificuldade | G1: Turno | H1: Origem | I1: Status | J1: Proxima acao | K1: Data retorno | L1: Observacoes
A2: DD/MM/AAAA | B2: EXEMPLO — apagar antes de usar | C2: (89) 90000-0000 | D2: EXEMPLO — apagar | E2: 6o ano | F2: Matematica | G2: Tarde | H2: Site | I2: 🟡 Interessado | J2: Proxima acao | K2: DD/MM/AAAA | L2: Linha ficticia do template

Sheet Turmas e Vagas
A1: Turma | B1: Turno | C1: Capacidade | D1: Matriculados | E1: Pre-reservas | F1: Vagas livres | G1: Situacao
A2: 6o ano | B2: Manha | C2: 8 | D2: 0 | E2: 0 | F2: =C2-D2-E2 | G2: =IF(F2<=0,"Lista espera",IF(F2<=2,"Quase lotada","Aberta"))
A3: 7o ano | B3: Manha | C3: 8 | D3: 0 | E3: 0 | F3: =C3-D3-E3 | G3: =IF(F3<=0,"Lista espera",IF(F3<=2,"Quase lotada","Aberta"))
A4: 4o ao 5o ano | B4: Tarde | C4: 8 | D4: 0 | E4: 0 | F4: =C4-D4-E4 | G4: =IF(F4<=0,"Lista espera",IF(F4<=2,"Quase lotada","Aberta"))
A5: 8o ao 9o ano | B5: Tarde | C5: 8 | D5: 0 | E5: 0 | F5: =C5-D5-E5 | G5: =IF(F5<=0,"Lista espera",IF(F5<=2,"Quase lotada","Aberta"))
A6: Ensino Medio | B6: Noite | C6: 8 | D6: 0 | E6: 0 | F6: =C6-D6-E6 | G6: =IF(F6<=0,"Lista espera",IF(F6<=2,"Quase lotada","Aberta"))
A7: Reforco para provas | B7: Noite | C7: 8 | D7: 0 | E7: 0 | F7: =C7-D7-E7 | G7: =IF(F7<=0,"Lista espera",IF(F7<=2,"Quase lotada","Aberta"))
A10: Regra: vaga ocupada = matricula confirmada. Pre-reserva tem prazo. Turma lotada = lista de espera.

Sheet Matriculas
A1: Aluno | B1: Responsavel | C1: Serie | D1: Turma | E1: Inicio | F1: Mensalidade | G1: Vencimento | H1: Situacao
A2: EXEMPLO — apagar | B2: EXEMPLO — apagar | C2: 6o ano | D2: 6o Manha | E2: DD/MM/AAAA | F2: 0 | G2: Dia 10 | H2: Ativo

Sheet Lista de Espera
A1: Ordem | B1: Data | C1: Aluno | D1: Serie | E1: Turno | F1: Contato | G1: Observacao
A2: =IF(C2<>"",COUNTA($C$2:C2),"") | B2: DD/MM/AAAA | C2: EXEMPLO — apagar | D2: 7o ano | E2: Manha | F2: (89) 90000-0000 | G2: Linha ficticia do template
A3: =IF(C3<>"",COUNTA($C$2:C3),"")
A4: =IF(C4<>"",COUNTA($C$2:C4),"")
A5: =IF(C5<>"",COUNTA($C$2:C5),"")
A6: =IF(C6<>"",COUNTA($C$2:C6),"")
A7: =IF(C7<>"",COUNTA($C$2:C7),"")
A8: =IF(C8<>"",COUNTA($C$2:C8),"")
A9: =IF(C9<>"",COUNTA($C$2:C9),"")
A10: =IF(C10<>"",COUNTA($C$2:C10),"")
A11: =IF(C11<>"",COUNTA($C$2:C11),"")
A12: =IF(C12<>"",COUNTA($C$2:C12),"")
A13: =IF(C13<>"",COUNTA($C$2:C13),"")
A14: =IF(C14<>"",COUNTA($C$2:C14),"")
... A51: =IF(C51<>"",COUNTA($C$2:C51),"")
